<?xml version = "1.0" encoding = "utf-8" ?>

 
<component name = "RowListContent" extends = "ContentNode" >

  <children >

    <ContentNode title = "Renderable Nodes" >
      <ContentNode 
        HDPosterUrl = "http://www.sdktestinglab.com/Tutorial/images/rectanglepg.jpg" 
        title = "Home" />
    </ContentNode>

    <ContentNode title = "Z-Order/Parent-Child" >
      <ContentNode 
        HDPosterUrl = "http://www.sdktestinglab.com/Tutorial/images/zorectanglespg.jpg" 
        title = "Movies" />
    </ContentNode>

    <ContentNode title = "Animation Nodes" >
      <ContentNode 
        HDPosterUrl = "http://www.sdktestinglab.com/Tutorial/images/animparallelpg.jpg" 
        title = "Shows" />
    </ContentNode>

    <ContentNode title = "Events and Observers" >
      <ContentNode 
        HDPosterUrl = "http://www.sdktestinglab.com/Tutorial/images/eotextchangepg.jpg" 
        title = "Best" />
    </ContentNode>

  </children>

</component>
